Collector1	Collector2	Collector3	Collector4	Collector5	Process ID	Collectors
A. Menke					ASILO001-17	A.Menke
T. Dikow	J. Hort	F. Hort			ASILO002-17	T.Dikow, J.Hort, F.Hort
R. Burrell					ASILO003-17	R.Burrell
J. Asher	A. Kawahara				ASILO004-17	J.Asher, A.Kawahara
D. Hardy					ASILO005-17	D.Hardy
E. Fisher	R. Westcott				ASILO006-17	E.Fisher, R.Westcott
J. Almeida					ASILO007-17	J.Almeida
S. W. Droege					ASILO008-17	S.W.Droege
T. Dikow					ASILO009-17	T.Dikow
D. Bullock					ASILO010-17	D.Bullock
D. R. Smith					ASILO011-17	D.R.Smith
D. Adamski					ASILO012-17	D.Adamski
T. Dikow	E. Fisher				ASILO013-17	T.Dikow, E.Fisher
Gurney	Barria				ASILO014-17	Gurney, Barria
M. Deyrup	N. Deyrup	J. Dunlap	K. Dearborn		ASILO015-17	M.Deyrup, N.Deyrup, J.Dunlap, K.Dearborn
J. S. Ascher					ASILO016-17	J.S.Ascher
N. Woodley					ASILO017-17	N.Woodley
T. Dikow	E. Fisher				ASILO018-17	T.Dikow, E.Fisher
R. Aalbu					ASILO019-17	R.Aalbu
T. Dikow	J. Londt				ASILO020-17	T.Dikow, J.Londt
T. Dikow	J. Londt				ASILO021-17	T.Dikow, J.Londt
T. Dikow	J. Londt				ASILO022-17	T.Dikow, J.Londt
P. Forchhammer					ASILO023-17	P.Forchhammer
J. Almeida					ASILO024-17	J.Almeida
R. Copeland					ASILO025-17	R.Copeland
T. Dikow					ASILO026-17	T.Dikow
R. Copeland					ASILO027-17	R.Copeland
W. Barkemeyer					ASILO028-17	W.Barkemeyer
D. Perez					ASILO029-17	D.Perez
T. Dikow	M. Thomas	G. Brown	Bayless		ASILO030-17	T.Dikow, M.Thomas, G.Brown, Bayless
D. Perez	R. Bastardo				ASILO031-17	D.Perez, R.Bastardo
R. Copeland					ASILO032-17	R.Copeland
					ASILO033-17	
W. Barkemeyer					ASILO034-17	W.Barkemeyer
W. Barkemeyer					ASILO035-17	W.Barkemeyer
E. Benton					ASILO036-17	E.Benton
A. Freidberg					ASILO037-17	A.Freidberg
S. W. Lingafelter					ASILO038-17	S.W.Lingafelter
E. Jendek	O. Sausa				ASILO039-17	E.Jendek, O.Sausa
T. Dikow	E. Fisher				ASILO040-17	T.Dikow, E.Fisher
D. Perez					ASILO041-17	D.Perez
					ASILO042-17	
Mathis	A. Friedberg				ASILO043-17	Mathis, A.Friedberg
C. Lamberton					ASILO044-17	C.Lamberton
L. Guidry					ASILO045-17	L.Guidry
R. S. Copeland					ASILO046-17	R.S.Copeland
R. Copeland					ASILO047-17	R.Copeland
C. F. Baker					ASILO048-17	C.F.Baker
R. Copeland					ASILO049-17	R.Copeland
K. V. Krombein	P. B. Karunaratne	T. Wijesinhe	S.  Siriwardane	T. Gunawardane	ASILO050-17	K.V.Krombein, P.B.Karunaratne, T.Wijesinhe, S. Siriwardane, T.Gunawardane
K. V. Krombein	P. B. Karunaratne	T. Wijesinhe	S.  Siriwardane	T. Gunawardane	ASILO051-17	K.V.Krombein, P.B.Karunaratne, T.Wijesinhe, S. Siriwardane, T.Gunawardane
R. S. Copeland					ASILO052-17	R.S.Copeland
M. Aguirre					ASILO053-17	M.Aguirre
H. Brauns					ASILO054-17	H.Brauns
P. Berry					ASILO055-17	P.Berry
T. Dikow					ASILO056-17	T.Dikow
H. Hacker					ASILO057-17	H.Hacker
J. Friedman					ASILO058-17	J.Friedman
T. Dikow	J. Londt				ASILO059-17	T.Dikow, J.Londt
T. Dikow	J. Londt				ASILO060-17	T.Dikow, J.Londt
T. Dikow	J. Londt				ASILO061-17	T.Dikow, J.Londt
M. M. Furniss					ASILO062-17	M.M.Furniss
R. Copeland					ASILO063-17	R.Copeland
S. E. Miller					ASILO064-17	S.E.Miller
J. C. Bradley					ASILO065-17	J.C.Bradley
N. E. Woodley					ASILO066-17	N.E.Woodley
O. S. Flint Jr.					ASILO067-17	O.S.Flint Jr.
					ASILO068-17	
R. M. Straw					ASILO069-17	R.M.Straw
W. Reeves					ASILO070-17	W.Reeves
E. Brito					ASILO071-17	E.Brito
T. Dikow					ASILO072-17	T.Dikow
					ASILO073-17	
H. Aoki					ASILO074-17	H.Aoki
W. Barkemeyer					ASILO075-17	W.Barkemeyer
N. E. Woodley					ASILO076-17	N.E.Woodley
O. Niehuis					ASILO077-17	O.Niehuis
W. Barkemeyer					ASILO078-17	W.Barkemeyer
J. Woonski					ASILO079-17	J.Woonski
Freidberg					ASILO080-17	Freidberg
A. B. Gurney					ASILO081-17	A.B.Gurney
T. Dikow					ASILO082-17	T.Dikow
D. Perez	B. Hierro	R. Bastardo			ASILO083-17	D.Perez, B.Hierro, R.Bastardo
A. E. Pritchard					ASILO084-17	A.E.Pritchard
D. E. Perez-Gelabert					ASILO085-17	D.E.Perez-Gelabert
A. G. Scarbrough					ASILO086-17	A.G.Scarbrough
T. Dikow					ASILO087-17	T.Dikow
K. V. Krombein					ASILO088-17	K.V.Krombein
					ASILO089-17	
E. Inciarte	M. R. Romero				ASILO090-17	E.Inciarte, M.R.Romero
D. Perez					ASILO091-17	D.Perez
J. Kipping					ASILO092-17	J.Kipping
					ASILO093-17	
J. M. Ayala					ASILO094-17	J.M.Ayala
G. Tjusoeroe					ASILO095-17	G.Tjusoeroe
L.  Molina					ASILO096-17	L. Molina
					ASILO097-17	
T. Dikow					ASILO098-17	T.Dikow
T. Guy					ASILO099-17	T.Guy
J. C. Deeming					ASILO100-17	J.C.Deeming
F. Waythowshi					ASILO101-17	F.Waythowshi
					ASILO102-17	
C. Maier					ASILO103-17	C.Maier
W. Barkemeyer					ASILO104-17	W.Barkemeyer
K. D. Ghorpade					ASILO105-17	K.D.Ghorpade
G. E.  Bohart					ASILO106-17	G.E. Bohart
					ASILO107-17	
W. E. Steiner					ASILO108-17	W.E.Steiner
E. Benton					ASILO109-17	E.Benton
					ASILO110-17	
A. G. Scarbrough					ASILO111-17	A.G.Scarbrough
M. Hauser					ASILO112-17	M.Hauser
F. S. Blanton					ASILO113-17	F.S.Blanton
					ASILO114-17	
C. Lamerton					ASILO115-17	C.Lamerton
W. E. Steiner					ASILO116-17	W.E.Steiner
N. Arias					ASILO117-17	N.Arias
E. M. Fisher	J. L. Fisher				ASILO118-17	E.M.Fisher, J.L.Fisher
					ASILO119-17	
S. Winterton					ASILO120-17	S.Winterton
G. Hevel	J. Fortin				ASILO121-17	G.Hevel,J.Fortin
J. Redon					ASILO122-17	J.Redon
F. Schade					ASILO123-17	F.Schade
A. L. Moore					ASILO124-17	A.L.Moore
					ASILO125-17	
A. S. Menke					ASILO126-17	A.S.Menke
H. E. Irving					ASILO127-17	H.E.Irving
					ASILO128-17	
N. E. Woodley					ASILO129-17	N.E.Woodley
T. Dikow					ASILO131-17	T.Dikow
A. B. Gurney					ASILO132-17	A.B.Gurney
					ASILO133-17	
					ASILO134-17	
O. Wharton					ASILO135-17	O.Wharton
C. W. Sabrosky					ASILO136-17	C.W.Sabrosky
W. E. Steiner					ASILO137-17	W.E.Steiner
R. Latham					ASILO138-17	R.Latham
					ASILO139-17	
W. W. Wirth					ASILO140-17	W.W.Wirth
C. Haematopota					ASILO141-17	C.Haematopota
T. Dikow					ASILO142-17	T.Dikow
F. Schade					ASILO143-17	F.Schade
M. Irwin	S. Gaimari				ASILO144-17	M.Irwin, S.Gaimari
Krombein	Spangler				ASILO145-17	Krombein, Spangler
O. S. Flint					ASILO146-17	O.S.Flint
R. Urtiaga					ASILO147-17	R.Urtiaga
Moore	Davis	Hardy	Herbert		ASILO148-17	Moore, Davis, Hardy, Herbert
T. Dikow					ASILO149-17	T.Dikow
E. I. Schlinger	E. S. Ross				ASILO150-17	E.I.Schlinger, E.S.Ross
D. L. Vincent					ASILO151-17	D.L.Vincent
D. Perez	R. Bastardo	B. Hierro			ASILO152-17	D.Perez,R.Bastardo,B.Hierro
Aranan					ASILO153-17	Aranan
T. Dikow	M. Thomas	G. Brown	K. Bayless		ASILO154-17	T.Dikow, M.Thomas, G.Brown, K.Bayless
P. lehr					ASILO155-17	P.lehr
G. S. Forbes					ASILO156-17	G.S.Forbes
E. M. Fisher					ASILO157-17	E.M.Fisher
K. D. Ghorpade					ASILO158-17	K.D.Ghorpade
D. C. Graham					ASILO159-17	D.C.Graham
L. E. Pena					ASILO160-17	L.E.Pena
L. E. Pena					ASILO161-17	L.E.Pena
C. J. Guillarmod					ASILO162-17	C.J.Guillarmod
N. E. Woodley					ASILO163-17	N.E.Woodley
C. Lamberton					ASILO164-17	C.Lamberton
W. N. Mathis					ASILO165-17	W.N.Mathis
M. Deyrup	N. Deyrup	J. Dunlap	K. Dearborn		ASILO166-17	M.Deyrup, N.Deyrup, J.Dunlap, K.Dearborn
S. C. Bruner					ASILO167-17	S.C.Bruner
K. R. Norris					ASILO168-17	K.R.Norris
N. Hichins					ASILO169-17	N.Hichins
T. Dikow	E. Fisher				ASILO170-17	T.Dikow, E.Fisher
Molina					ASILO171-17	Molina
R. G. Wind					ASILO172-17	R.G.Wind
A. L. Melander					ASILO173-17	A.L.Melander
					ASILO174-17	
D. E. Perez-Gelabert					ASILO175-17	D.E.Perez-Gelabert
T. Guy					ASILO176-17	T.Guy
A. G. Scarbrough					ASILO177-17	A.G.Scarbrough
Mindakov					ASILO178-17	Mindakov
T. Dikow	M. Thomas	G. Brown	K. Bayless		ASILO179-17	T.Dikow, M.Thomas, G.Brown, K.Bayless
					ASILO180-17	
					ASILO181-17	
H. Pohl					ASILO182-17	H.Pohl
J. Kipping					ASILO183-17	J.Kipping
J. S. Ascher					ASILO184-17	J.S.Ascher
G. H. Sperry	J. L. Sperry				ASILO185-17	G.H.Sperry,J.L.Sperry
T. Dikow					ASILO186-17	T.Dikow
D. Perez	R. Bastardo				ASILO187-17	D.Perez,R.Bastardo
H. A. Hespenheide					ASILO188-17	H.A.Hespenheide
T. Dikow					ASILO189-17	T.Dikow
H. A. Hespenheide					ASILO190-17	H.A.Hespenheide
Flint	Cekalovic				ASILO191-17	Flint, Cekalovic
W. Barkemeyer					ASILO192-17	W.Barkemeyer
E. Fisher	P. Sullivan				ASILO193-17	E.Fisher, P.Sullivan
H. M. C. Lee					ASILO194-17	H.M.C.Lee
T. Dikow	E. Fisher				ASILO195-17	T.Dikow, E.Fisher
W. W. Wirth					ASILO197-17	W.W.Wirth
W. Barkemeyer					ASILO198-17	W.Barkemeyer
D. Mathis	W. N. Mathis				ASILO199-17	D.Mathis, W.N.Mathis
N. D. Menke					ASILO200-17	N.D.Menke
F. Geller-Grimm					ASILO201-17	F.Geller-Grimm
L. Bevis					ASILO202-17	L.Bevis
T. Dikow					ASILO203-17	T.Dikow
P. H. Arnaud	M. M. Arnaud				ASILO204-17	P.H.Arnaud, M.M.Arnaud
M. Hauser					ASILO205-17	M.Hauser
T. Dikow	M. Thomas				ASILO206-17	T.Dikow, M.Thomas
R. B. Penfield					ASILO207-17	R.B.Penfield
					ASILO208-17	
F. Geller-Grimm					ASILO209-17	F.Geller-Grimm
R. Silberglied	A. Aiello				ASILO210-17	R.Silberglied, A.Aiello
Menke	Carpenter				ASILO211-17	Menke, Carpenter
E. Fisher	P. Sullivan				ASILO212-17	E.Fisher, P.Sullivan
A. S.  Menke					ASILO213-17	A.S. Menke
R. J. Lavigne					ASILO214-17	R.J.Lavigne
A. L. Moore					ASILO215-17	A.L.Moore
R. D. Cave					ASILO216-17	R.D.Cave
W. Schacht					ASILO217-17	W.Schacht
L. E. Pena					ASILO218-17	L.E.Pena
O. Lonsdale					ASILO219-17	O.Lonsdale
O. S. FlintJr					ASILO220-17	O.S.FlintJr
R. W. Hodges	E. R. Hodges				ASILO221-17	R.W.Hodges, E.R.Hodges
N. E. Woodley					ASILO222-17	N.E.Woodley
N. E. Woodley					ASILO223-17	N.E.Woodley
A. Burges					ASILO224-17	A.Burges
N. E. Woodley					ASILO225-17	N.E.Woodley
T. L. Erwin					ASILO226-17	T.L.Erwin
P. Tripotin					ASILO227-17	P.Tripotin
P. Tripotin					ASILO228-17	P.Tripotin
N. E. Woodley					ASILO229-17	N.E.Woodley
L. Quate					ASILO230-17	L.Quate
N. E. Woodley					ASILO231-17	N.E.Woodley
P. H. Arnaud	M. M. Arnaud				ASILO232-17	P.H.Arnaud, M.M.Arnaud
A. Newton	M. Thayer				ASILO233-17	A.Newton, M.Thayer
N. E. Woodley					ASILO234-17	N.E.Woodley
D. Mathis	W. N. Mathis				ASILO235-17	D.Mathis, W.N.Mathis
D. C. Darling	E. Mayordo				ASILO236-17	D.C.Darling, E.Mayordo
D. Davis	M. Davis	B. Akerbergs			ASILO237-17	D.Davis, M.Davis, B.Akerbergs
R. E. Woodruff					ASILO238-17	R.E.Woodruff
D. K. McAlpine	P. Hibbs				ASILO239-17	D.K.McAlpine, P.Hibbs
O. S. FlintJr					ASILO240-17	O.S.FlintJr
O. S. FlintJr					ASILO241-17	O.S.FlintJr
G. Barria	M. E. Irwin				ASILO242-17	G.Barria, M.E.Irwin
					ASILO243-17	
L. LeSage					ASILO244-17	L.LeSage
L. LeSage					ASILO245-17	L.LeSage
D. Pollock	L. Reichert				ASILO246-17	D.Pollock, L.Reichert
A. Hiller					ASILO247-17	A.Hiller
N. E. Woodley					ASILO248-17	N.E.Woodley
L. E. Pena					ASILO249-17	L.E.Pena
N. E. Woodley					ASILO250-17	N.E.Woodley
A. Friedberg					ASILO251-17	A.Friedberg
L. Masner					ASILO252-17	L.Masner
P. J. Spangler					ASILO253-17	P.J.Spangler
M. Hauser	S. Gaimari	D. Yeates			ASILO254-17	M.Hauser, S.Gaimari, D.Yeates
K. Sarv					ASILO255-17	K.Sarv
A. Freidberg					ASILO256-17	A.Freidberg
					ASILO257-17	
Lingafelter	Pham Jendek				ASILO258-17	Lingafelter, Pham Jendek
E. Jendek	O. Sausa				ASILO259-17	E.Jendek, O.Sausa
S. E. Miller	P. M. Miller				ASILO260-17	S.E.Miller, P.M.Miller
F. G.  Howarth					ASILO261-17	F.G. Howarth
R. Copeland					ASILO262-17	R.Copeland
P. Hanson					ASILO263-17	P.Hanson
M. Wasbauer	J. Wasbauer	H. Real			ASILO264-17	M.Wasbauer, J.Wasbauer, H.Real
A. Friedberg					ASILO265-17	A.Friedberg
P. Hanson					ASILO266-17	P.Hanson
S. W. Lingafelter					ASILO267-17	S.W.Lingafelter
S. W. Lingafelter					ASILO268-17	S.W.Lingafelter
G. Barria	M. E. Irwin				ASILO269-17	G.Barria, M.E.Irwin
N. E. Woodley					ASILO270-17	N.E.Woodley
A. S. Menke	L. Hollenberg				ASILO272-17	A.S.Menke, L.Hollenberg
N. E. Woodley					ASILO273-17	N.E.Woodley
A. Konstantinov	M. Volovitsh				ASILO274-17	A.Konstantinov, M.Volovitsh
					ASILO275-17	
M. Hauser					ASILO276-17	M.Hauser
C. Young					ASILO277-17	C.Young
K. Sarv					ASILO278-17	K.Sarv
D. Mathis	W. N. Mathis				ASILO279-17	D.Mathis, W.N.Mathis
J. Cohen					ASILO280-17	J.Cohen
N. E. Woodley					ASILO281-17	N.E.Woodley
D. Gaimari					ASILO282-17	D.Gaimari
N. E. Woodley					ASILO283-17	N.E.Woodley
T. L. Erwin					ASILO284-17	T.L.Erwin
A. Friedberg					ASILO285-17	A.Friedberg
S. W. Lingafelter					ASILO286-17	S.W.Lingafelter
J. Bogenberger					ASILO287-17	J.Bogenberger
A. Dyce	W. Wirth				ASILO288-17	A.Dyce, W.Wirth
A. Friedberg					ASILO289-17	A.Friedberg
D. J. Bickel					ASILO290-17	D.J.Bickel
G. Nearns					ASILO291-17	G.Nearns
G. Steyskal					ASILO292-17	G.Steyskal
G. Kung	M. Sharkey				ASILO293-17	G.Kung, M.Sharkey
N. E. Woodley					ASILO294-17	N.E.Woodley
P. Hanson					ASILO295-17	P.Hanson
J. M. LeavengoodJr.	E. G. Chapman				ASILO296-17	J.M.LeavengoodJr., E.G.Chapman
D. Mathis	W. N. Mathis				ASILO297-17	D.Mathis, W.N.Mathis
A. Friedberg	F. Kaplan				ASILO298-17	A.Friedberg, F.Kaplan
W. E. Steiner					ASILO299-17	W.E.Steiner
N. E. Woodley					ASILO300-17	N.E.Woodley
P. H. ArnaudJr.	M. M. Arnaud	O. S. FlintJr.			ASILO301-17	P.H.ArnaudJr., M.M.Arnaud, O.S.FlintJr.
W. E. Steiner	J. M. Swearingen				ASILO302-17	W.E.Steiner, J.M.Swearingen
R. Copeland					ASILO303-17	R.Copeland
Tripotin					ASILO304-17	Tripotin
C. Kremen					ASILO305-17	C.Kremen
A. Freidberg	F. Kaplan				ASILO306-17	A.Freidberg, F.Kaplan
D. Mathis	W. N. Mathis				ASILO307-17	D.Mathis, W.N.Mathis
N. E. Woodley					ASILO308-17	N.E.Woodley
J. Jones	F. Soffel	R. Zamorand			ASILO309-17	J.Jones, F.Soffel, R.Zamorand
M. Hauser					ASILO310-17	M.Hauser
G. F. Hevel					ASILO311-17	G.F.Hevel
G. F. Hevel					ASILO312-17	G.F.Hevel
P. Hanson					ASILO313-17	P.Hanson
A. Freidberg	F. Kaplan				ASILO314-17	A.Freidberg, F.Kaplan
N. E. Woodley					ASILO315-17	N.E.Woodley
E. Chapman	J. M. Leavengood Jr.				ASILO316-17	E.Chapman, J.M.Leavengood Jr.
A. Konstantinov	M. Volkovish				ASILO317-17	A.Konstantinov, M.Volkovish
A. S. Konstantinov					ASILO318-17	A.S.Konstantinov
D. Engleman					ASILO319-17	D.Engleman
N. E. Woodley					ASILO320-17	N.E.Woodley
A. S. Menke	D. Vincent				ASILO321-17	A.S.Menke, D.Vincent
S. W. Lingafelter					ASILO322-17	S.W.Lingafelter
D. Mathis	W. N. Mathis				ASILO323-17	D.Mathis, W.N.Mathis
S. Yanoviak					ASILO324-17	S.Yanoviak
Johanson	Pape	Viklund			ASILO325-17	Johanson, Pape, Viklund
R. Copeland					ASILO326-17	R.Copeland
Johanson	Pape	Viklund			ASILO327-17	Johanson, Pape, Viklund
J. Jones	F. Soffel	R. Zamorand			ASILO328-17	J.Jones, F.Soffel, R.Zamorand
Harrington	Weintraub				ASILO329-17	Harrington, Weintraub
P. Spangler	P. Spangler				ASILO330-17	P.Spangler, P.Spangler
K. Kusigemati					ASILO331-17	K.Kusigemati
E. Namatalau					ASILO332-17	E.Namatalau
T. Pape	B. Viklund				ASILO333-17	T.Pape, B.Viklund
P. J. Spangler	R. A. Faitoute	W. E. Steiner			ASILO334-17	P.J.Spangler, R.A.Faitoute, W.E.Steiner
P. Hanson					ASILO335-17	P.Hanson
H. E. Hespenheide					ASILO336-17	H.E.Hespenheide
N. E. Woodley					ASILO337-17	N.E.Woodley
P. Hanson					ASILO338-17	P.Hanson
D. A. Grimaldi					ASILO339-17	D.A.Grimaldi
A. Freidberg					ASILO340-17	A.Freidberg
A. Kirk-Springs	Marais	Mann			ASILO341-17	A.Kirk-Springs, Marais, Mann
M. E. Irwin	E. I. Schlinger	F. D. Parker			ASILO342-17	M.E.Irwin, E.I.Schlinger,F.D.Parker
C. Priszynski					ASILO343-17	C.Priszynski
P. Hibbs					ASILO344-17	P.Hibbs
P. Hibbs					ASILO345-17	P.Hibbs
E. P. Narchuk					ASILO346-17	E.P.Narchuk
D. R. Stuckenberg	P. J. Stuckenberg				ASILO347-17	D.R.Stuckenberg, P.J.Stuckenberg
P. Hibbs					ASILO348-17	P.Hibbs
B. Merz					ASILO349-17	B.Merz
P. Hibbs					ASILO350-17	P.Hibbs
G. Steyskal					ASILO351-17	G.Steyskal
A. Dyce	W. Wirth				ASILO352-17	A.Dyce, W.Wirth
D. G. Furth					ASILO353-17	D.G.Furth
S. L. Jensen					ASILO354-17	S.L.Jensen
W. N. Mathis	T. Wijesinhe	L. Jayawickrema			ASILO355-17	W.N.Mathis, T.Wijesinhe, L.Jayawickrema
O. S. FlintJr					ASILO356-17	O.S.FlintJr
N. E. Woodley					ASILO357-17	N.E.Woodley
Mathis	Freidberg				ASILO358-17	Mathis, Freidberg
L. Bevis					ASILO359-17	L.Bevis
F. C. Thompson					ASILO360-17	F.C.Thompson
N. E. Woodley					ASILO361-17	N.E.Woodley
M. E. Irwin	E. I. Schlinger				ASILO362-17	M.E.Irwin, E.I.Schlinger
R. Blakemore	L. J. Boutin				ASILO363-17	R.Blakemore, L.J.Boutin
L. E. Pena					ASILO364-17	L.E.Pena
T. L. Erwin					ASILO365-17	T.L.Erwin
A. S. Menke					ASILO366-17	A.S.Menke
P. J. Spangler	R. A. Faitoute	W. E. Steiner			ASILO367-17	P.J.Spangler, R.A.Faitoute, W.E.Steiner
					ASILO368-17	
M. T. Smith					ASILO369-17	M.T.Smith
K. Tsuneki					ASILO370-17	K.Tsuneki
W. E. Steiner	J. M. Swearingen				ASILO371-17	W.E.Steiner, J.M.Swearingen
D. Davis	M. Davis	B. Akerbergs			ASILO372-17	D.Davis, M.Davis, B.Akerbergs
D. Perez	R. Bastardo	B. Hierro			ASILO373-17	D.Perez, R.Bastardo, B.Hierro
F. C. Thompson					ASILO374-17	F.C.Thompson
A. F. Newton	M. K. Thayer				ASILO375-17	A.F.Newton, M.K.Thayer
N. E. Woodley					ASILO376-17	N.E.Woodley
J. E. Barriga					ASILO377-17	J.E.Barriga
J. C. Miller					ASILO378-17	J.C.Miller
H. M. Smith					ASILO379-17	H.M.Smith
D. H. Nicolson					ASILO380-17	D.H.Nicolson
N. E. Woodley					ASILO381-17	N.E.Woodley
H. M. Smith					ASILO382-17	H.M.Smith
					ASILO383-17	
Menke	Flint				ASILO384-17	Menke, Flint
A. S. Konstantinov					ASILO385-17	A.S.Konstantinov
J. M. McGough					ASILO386-17	J.M.McGough
D. Davis	M. Davis	B. Akerbergs	B.		ASILO387-17	D.Davis, M.Davis, B.Akerbergs, B.
N. E. Woodley					ASILO388-17	N.E.Woodley
L. H. Herman					ASILO389-17	L.H.Herman
					ASILO390-17	
M. M. Furniss					ASILO391-17	M.M.Furniss
A. L. Melander					ASILO392-17	A.L.Melander
D. Mathis	W. N. Mathis				ASILO393-17	D.Mathis, W.N.Mathis
D. Mathis	W. N. Mathis				ASILO394-17	D.Mathis, W.N.Mathis
A. Dyce	W. Wirth				ASILO395-17	A.Dyce, W.Wirth
					ASILO396-17	
J. M. Swearingen	J. E. Lowry				ASILO397-17	J.M.Swearingen, J.E.Lowry
M. E. Irwin					ASILO398-17	M.E.Irwin
M. E. Irwin	M. Hauser				ASILO399-17	M.E.Irwin, M.Hauser
F. Parker	D. Miller				ASILO400-17	F.Parker, D.Miller
McGinley	Woodley				ASILO401-17	McGinley, Woodley
D. B. Wahl					ASILO402-17	D.B.Wahl
P. J. Spangler					ASILO404-17	P.J.Spangler
L. Masner					ASILO405-17	L.Masner
M. E. Irwin					ASILO406-17	M.E.Irwin
M. E. Irwin					ASILO407-17	M.E.Irwin
K. V. Krombein					ASILO408-17	K.V.Krombein
J. E. Gillaspy					ASILO409-17	J.E.Gillaspy
V. D. Roth					ASILO410-17	V.D.Roth
A. Tonnoir					ASILO411-17	A.Tonnoir
M. E. Irwin	F. D. Parker	R. Harin`Hala			ASILO412-17	M.E.Irwin, F.D.Parker, R.Harin`Hala
R. Shannon	E. Shannon				ASILO413-17	R.Shannon, E.Shannon
D. Mathis	W. N. Mathis				ASILO414-17	D.Mathis, W.N.Mathis
P. J. Spangler					ASILO415-17	P.J.Spangler
L. E. Pena					ASILO416-17	L.E.Pena
P. H. ArnaudJr	M. Arnaud				ASILO417-17	P.H.ArnaudJr, M.Arnaud
A. F. Newton	M. K. Thayer				ASILO418-17	A.F.Newton, M.K.Thayer
E. J. Kochenderfer					ASILO419-17	E.J.Kochenderfer
D. Mathis	W. N. Mathis				ASILO420-17	D.Mathis, W.N.Mathis
M. E. Irwin	M. Hauser				ASILO421-17	M.E.Irwin, M.Hauser
L. Pena					ASILO422-17	L.Pena
D. Mathis	W. N. Mathis				ASILO423-17	D.Mathis, W.N.Mathis
S. vanNoor	S. G. Compton				ASILO424-17	S.vanNoor, S.G.Compton
J. C. Chamberlin					ASILO425-17	J.C.Chamberlin
J. W. Neal					ASILO426-17	J.W.Neal
E. T. Armstrong					ASILO427-17	E.T.Armstrong
G. F. Hevel					ASILO428-17	G.F.Hevel
M. E. Irwin					ASILO429-17	M.E.Irwin
C. Y. Kitayama					ASILO430-17	C.Y.Kitayama
D. J. Peckham					ASILO431-17	D.J.Peckham
M. Wasnauer					ASILO432-17	M.Wasnauer
A. Kirk-Springs	Marais				ASILO433-17	A.Kirk-Springs, Marais
D. B. Wahl					ASILO434-17	D.B.Wahl
L. Masner					ASILO435-17	L.Masner
P. Forchhammer					ASILO436-17	P.Forchhammer
N. McFarland					ASILO437-17	N.McFarland
H. B. Morlan					ASILO438-17	H.B.Morlan
N. E. Woodley					ASILO439-17	N.E.Woodley
P. H. ArnaudJr					ASILO440-17	P.H.ArnaudJr
C. Miller					ASILO441-17	C.Miller
Mathis	Friedberg				ASILO442-17	Mathis, Friedberg
W. E. Steiner					ASILO443-17	W.E.Steiner
T. H. Davies					ASILO444-17	T.H.Davies
Shannon	Hadjinicalaou				ASILO445-17	Shannon, Hadjinicalaou
A. S. Menke	K.  Menke				ASILO446-17	A.S.Menke, K. Menke
S. W. Lingafelter					ASILO447-17	S.W.Lingafelter
N. E. Woodley					ASILO448-17	N.E.Woodley
P. H. ArnaudJr	M. Arnaud	M. M. Stromberg			ASILO449-17	P.H.ArnaudJr, M.Arnaud, M.M.Stromberg
					ASILO450-17	
P. H. ArnaudJr					ASILO451-17	P.H.ArnaudJr
P. H. ArnaudJr					ASILO452-17	P.H.ArnaudJr
P. H. ArnaudJr					ASILO453-17	P.H.ArnaudJr
P. H. ArnaudJr	M. C. S.  Arnaud				ASILO454-17	P.H.ArnaudJr, M.C.S. Arnaud
P. H. ArnaudJr					ASILO455-17	P.H.ArnaudJr
A. Freidberg					ASILO456-17	A.Freidberg
L. V. Knutson					ASILO457-17	L.V.Knutson
W. N. Mathis					ASILO458-17	W.N.Mathis
S. Tirgari					ASILO459-17	S.Tirgari
O. S. FlintJr					ASILO460-17	O.S.FlintJr
W. Mathis					ASILO461-17	W.Mathis
D. Mathis	W. N. Mathis				ASILO462-17	D.Mathis, W.N.Mathis
G. E. Bohart					ASILO463-17	G.E.Bohart
P. H. ArnaudJr					ASILO464-17	P.H.ArnaudJr
G. Hevel	J. Fortin				ASILO465-17	G.Hevel, J.Fortin
K. V. Krombein	P. B. Karunaratne	T. Wijesinhe	L. Jayawickrema	V. Gunawardane	ASILO466-17	K.V.Krombein, P.B.Karunaratne, T.Wijesinhe, L.Jayawickrema, V.Gunawardane
D. Peckham	M. Irwin				ASILO467-17	D.Peckham, M.Irwin
N. Baranov					ASILO468-17	N.Baranov
J. J. Sullivan					ASILO469-17	J.J.Sullivan
S. E. Miller	P. M. Miller				ASILO470-17	S.E.Miller, P.M.Miller
R. C. Miller					ASILO471-17	R.C.Miller
N. E. Woodley					ASILO472-17	N.E.Woodley
D. J. Peckham					ASILO473-17	D.J.Peckham
K. V. Krombein	P. B. Karunaratne	T. Wijesinhe	L. Jayawickrema	V. Gunawardane	ASILO474-17	K.V.Krombein, P.B.Karunaratne, T.Wijesinhe, L.Jayawickrema, V.Gunawardane
G. F. Hevel	W. E. Steiner				ASILO475-17	G.F.Hevel, W.E.Steiner
W. N. Mathis					ASILO476-17	W.N.Mathis
P. H. Arnaud	M. M. Arnaud	O. S. Flint			ASILO477-17	P.H.Arnaud, M.M.Arnaud, O.S.Flint
D. Mathis	W. N. Mathis				ASILO478-17	D.Mathis, W.N.Mathis
C. Sabrosky					ASILO479-17	C.Sabrosky
Herard	Desnurgor				ASILO480-17	Herard, Desnurgor
D. M. Wood	N. E. Woodley				ASILO481-17	D.M.Wood, N.E.Woodley
A. Hook					ASILO482-17	A.Hook
Woods					ASILO483-17	Woods
I. R. Hendrickson					ASILO484-17	I.R.Hendrickson
W. N. Mathis					ASILO485-17	W.N.Mathis
					ASILO486-17	
M. Allaire					ASILO487-17	M.Allaire
W. N. Mathis					ASILO488-17	W.N.Mathis
					ASILO489-17	
P. H. Arnaud	M. M. Arnaud	O. S. Flint			ASILO490-17	P.H.Arnaud, M.M.Arnaud, O.S.Flint
A. L. Norrborn	G. J. Steck				ASILO491-17	A.L.Norrborn, G.J.Steck
P. H. Arnaud	M. M. Arnaud	O. S. Flint			ASILO492-17	P.H.Arnaud, M.M.Arnaud, O.S.Flint
F. S. Blanton					ASILO493-17	F.S.Blanton
W. N. Mathis					ASILO494-17	W.N.Mathis
D. L. Bailey					ASILO495-17	D.L.Bailey
A. Hook					ASILO496-17	A.Hook
P. J. Spangler	R. A. Faitoute				ASILO497-17	P.J.Spangler, R.A.Faitoute
R. F. C. Naczi					ASILO498-17	R.F.C.Naczi
C. W. Rettenmeyer	M. E. Rettenmeyer				ASILO499-17	C.W.Rettenmeyer, M.E.Rettenmeyer
D. Mathis	W. N. Mathis				ASILO500-17	D.Mathis, W.N.Mathis
W. L. Murphy					ASILO501-17	W.L.Murphy
D. J. Hilburn	N. E. Woodley				ASILO502-17	D.J.Hilburn, N.E.Woodley
A. Hook					ASILO503-17	A.Hook
W. E. Steiner	M. J. Molineaux	R. Molineaux			ASILO504-17	W.E.Steiner, M.J.Molineaux, R.Molineaux
R. Lacy	R. Lacy				ASILO505-17	R.Lacy, R.Lacy
W. W. Wirth					ASILO506-17	W.W.Wirth
D. Perez	B. Hierro				ASILO507-17	D.Perez, B.Hierro
R. Wharton	M. Copperband				ASILO508-17	R.Wharton, M.Copperband
D. Mathis	W. N. Mathis				ASILO509-17	D.Mathis, W.N.Mathis
W. N. Mathis					ASILO510-17	W.N.Mathis
P. H. Arnaud	M. M. Arnaud	O. S. Flint			ASILO511-17	P.H.Arnaud, M.M.Arnaud, O.S.Flint
W. N. Mathis					ASILO512-17	W.N.Mathis
D.  Mathis	W. N. Mathis				ASILO513-17	D. Mathis, W.N.Mathis
W. N. Mathis					ASILO514-17	W.N.Mathis
W. N. Mathis					ASILO515-17	W.N.Mathis
R. L. Jones					ASILO516-17	R.L.Jones
G. W. Eddy					ASILO517-17	G.W.Eddy
C. H. Martin					ASILO518-17	C.H.Martin
S. E. Miller	P. M. Miller				ASILO519-17	S.E.Miller, P.M.Miller
D. R. Davis					ASILO520-17	D.R.Davis
A. C. Messer	P. M. Taylor				ASILO521-17	A.C.Messer, P.M.Taylor
W. W. Wirth					ASILO522-17	W.W.Wirth
E. B. Babyetagara					ASILO523-17	E.B.Babyetagara
P. Spangler					ASILO524-17	P.Spangler
B. J. Thompson	F. C. Thompson				ASILO525-17	B.J.Thompson, F.C.Thompson
D. Davis	M. Davis				ASILO526-17	D.Davis, M.Davis
A. L. Norrborn					ASILO527-17	A.L.Norrborn
T. L. Whitworth					ASILO528-17	T.L.Whitworth
K. V. Krombein	P. B. Karunaratne	T. Wijesinhe	L. Jayawickrema	V. Gunawardane	ASILO529-17	K.V.Krombein, P.B.Karunaratne, T.Wijesinhe, L.Jayawickrema, V.Gunawardane
G. F. Hevel	M. Ahmad				ASILO530-17	G.F.Hevel, M.Ahmad
L. W. Roberts					ASILO531-17	L.W.Roberts
D. R. Brothers					ASILO532-17	D.R.Brothers
A. C. Messer					ASILO533-17	A.C.Messer
D. Davis	M. Davis				ASILO534-17	D.Davis, M.Davis
L. Knutson					ASILO535-17	L.Knutson
G. F. Hevel	J. F. Hevel	W. E. Steiner			ASILO536-17	G.F.Hevel, J.F.Hevel, W.E.Steiner
A. Freidberg					ASILO537-17	A.Freidberg
C. W. Sabrosky					ASILO538-17	C.W.Sabrosky
S. E.  Miller	P. M.  Miller				ASILO539-17	S.E. Miller, P.M. Miller
Sychevskaya					ASILO540-17	Sychevskaya
P. Spangler					ASILO541-17	P.Spangler
K. Kamijo					ASILO542-17	K.Kamijo
D. Davis	M. Davis	B. Akerbergs			ASILO543-17	D.Davis, M.Davis, B.Akerbergs
K. Starr					ASILO544-17	K.Starr
J. D. Weintraub					ASILO545-17	J.D.Weintraub
A. Tonnoir					ASILO546-17	A.Tonnoir
K. V. Krombein	L. Weeratunge	P. Leanage			ASILO547-17	K.V.Krombein, L.Weeratunge, P.Leanage
J. T. Medler					ASILO548-17	J.T.Medler
G. F. Hevel					ASILO549-17	G.F.Hevel
W. E. Steiner	J. M. Swearingen				ASILO550-17	W.E.Steiner, J.M.Swearingen
N. E. Woodley					ASILO551-17	N.E.Woodley
C. Legg	L. Legg	T. Kuklenski			ASILO552-17	C.Legg, L.Legg, T.Kuklenski
P. H. Arnaud	M. M. Arnaud				ASILO553-17	P.H.Arnaud, M.M.Arnaud
S. Gazit					ASILO554-17	S.Gazit
P. J. Spangler	P. M. Spangler	R. A. Faitoute	W. E. Steiner		ASILO555-17	P.J.Spangler, P.M.Spangler, R.A.Faitoute, W.E.Steiner
O. S. FlintJr					ASILO557-17	O.S.FlintJr
A. Baptista	M. Kotrba				ASILO559-17	A.Baptista, M.Kotrba
N. E. Woodley					ASILO560-17	N.E.Woodley
C. W.  Rettenmeyer	M. E. Rettenmeyer				ASILO561-17	C.W. Rettenmeyer, M.E.Rettenmeyer
Oman					ASILO562-17	Oman
A. S. Menke	N. Menke				ASILO563-17	A.S.Menke, N.Menke
P. H. Arnaud	M. M. Arnaud	M. L. Tarbox			ASILO564-17	P.H.Arnaud, M.M.Arnaud, M.L.Tarbox
					ASILO565-17	
N. E. Woodley					ASILO566-17	N.E.Woodley
P. H. Arnaud					ASILO567-17	P.H.Arnaud
N. E. Woodley					ASILO568-17	N.E.Woodley
P. H. ArnaudJr					ASILO569-17	P.H.ArnaudJr
G. F. Hevel	W. E. Steiner				ASILO570-17	G.F.Hevel, W.E.Steiner
G. Ekis					ASILO571-17	G.Ekis
A. Freidberg					ASILO572-17	A.Freidberg
G. F. Hevel	R. E. DietzIV				ASILO573-17	G.F.Hevel, R.E.DietzIV
P. J. Spangler					ASILO574-17	P.J.Spangler
A. L. Moore					ASILO575-17	A.L.Moore
K. V. Krombein	T. Wijesinhe	S. Sifiwardane	L. Jayawickrema	T. Gunawardane	ASILO576-17	K.V.Krombein, T.Wijesinhe, S.Sifiwardane, L.Jayawickrema, T.Gunawardane
D. Davis					ASILO577-17	D.Davis
N. L. H. Krauss					ASILO578-17	N.L.H.Krauss
Krombein	Spangler				ASILO579-17	Krombein, Spangler
J. D. Weintraub					ASILO580-17	J.D.Weintraub
G. F. Hevel	W. E. Steiner				ASILO581-17	G.F.Hevel, W.E.Steiner
K. V. Krombein	T. Wijesinhe	S. Sifiwardane	L. Jayawickrema	T. Gunawardane	ASILO582-17	K.V.Krombein, T.Wijesinhe, S.Sifiwardane, L.Jayawickrema, T.Gunawardane
J. W. Neal					ASILO583-17	J.W.Neal
S. Karunaratne					ASILO584-17	S.Karunaratne
Bridwell					ASILO585-17	Bridwell
J. Bequaert					ASILO586-17	J.Bequaert
G. G. Nylea					ASILO587-17	G.G.Nylea
R. Fritz					ASILO588-17	R.Fritz
E. Asceragaza					ASILO589-17	E.Asceragaza
H. J. deFluister	N. Baranov				ASILO590-17	H.J.deFluister, N.Baranov
R. I. Nelson					ASILO591-17	R.I.Nelson
M. Sabourin					ASILO592-17	M.Sabourin
Jaynes					ASILO593-17	Jaynes
Silveira					ASILO594-17	Silveira
N. E. Woodley					ASILO595-17	N.E.Woodley
L. D. Newsom					ASILO596-17	L.D.Newsom
J. Bethke					ASILO597-17	J.Bethke
S. H. Oreistadt					ASILO598-17	S.H.Oreistadt
B. Stark					ASILO599-17	B.Stark
D. C. Lightfoot					ASILO600-17	D.C.Lightfoot
W. H. Pierce					ASILO601-17	W.H.Pierce
F. J. Messina					ASILO602-17	F.J.Messina
F. D. Parker					ASILO603-17	F.D.Parker
W. H. Pierce					ASILO604-17	W.H.Pierce
A. Freidberg					ASILO605-17	A.Freidberg
R. W. Hodges					ASILO606-17	R.W.Hodges
G. Steyskal					ASILO607-17	G.Steyskal
P. J. Spangler					ASILO608-17	P.J.Spangler
O. H. T. Townsend					ASILO609-17	O.H.T.Townsend
F. Hinostroza					ASILO610-17	F.Hinostroza
J. Shuster					ASILO611-17	J.Shuster
Parker					ASILO612-17	Parker
J. M. Aldrich					ASILO613-17	J.M.Aldrich
J. Burgos					ASILO614-17	J.Burgos
C. H. T. Townsend					ASILO615-17	C.H.T.Townsend
P. S. Nathan					ASILO616-17	P.S.Nathan
P. H. ArnaudJr					ASILO617-17	P.H.ArnaudJr
					ASILO618-17	
D. Davis					ASILO619-17	D.Davis
P. A. Goodwin					ASILO620-17	P.A.Goodwin
T. D. Marsico					ASILO621-17	T.D.Marsico
H. V. Weems					ASILO622-17	H.V.Weems
A. E. Bustillo					ASILO623-17	A.E.Bustillo
R. E. Silberglied					ASILO624-17	R.E.Silberglied
W. Wirth					ASILO625-17	W.Wirth
R. W. Dawson					ASILO626-17	R.W.Dawson
P. Schaefer					ASILO627-17	P.Schaefer
					ASILO628-17	
Stackelberg					ASILO629-17	Stackelberg
Krombein	Spangler				ASILO630-17	Krombein, Spangler
V. P. Rau					ASILO631-17	V.P.Rau
K. V. Krombein	T. Wijesinhe	S. Sifiwardane	L. Jayawickrema	T. Gunawardane	ASILO632-17	K.V.Krombein, T.Wijesinhe, S.Sifiwardane, L.Jayawickrema, T.Gunawardane
					ASILO633-17	
Krombein	Spangler				ASILO634-17	Krombein, Spangler
C. P. Mesnil					ASILO635-17	C.P.Mesnil
J. Semidey					ASILO636-17	J.Semidey
C. H. T. Townsend					ASILO637-17	C.H.T.Townsend
P. S. Nathan					ASILO638-17	P.S.Nathan
K. Ghorpade					ASILO639-17	K.Ghorpade
W. W. Wirth					ASILO640-17	W.W.Wirth
J. Laffoon					ASILO641-17	J.Laffoon
M. P. Riedel	N. Baranov				ASILO642-17	M.P.Riedel, N.Baranov
K. Chen					ASILO643-17	K.Chen
P. H. ArnaudJr					ASILO644-17	P.H.ArnaudJr
N. Baranov					ASILO645-17	N.Baranov
C. W. Sabrosky					ASILO646-17	C.W.Sabrosky
W. M. Mann					ASILO647-17	W.M.Mann
F. Pacheco					ASILO648-17	F.Pacheco
V. P. Rao					ASILO649-17	V.P.Rao
L. Quiniero					ASILO650-17	L.Quiniero
W. W. Wirth					ASILO651-17	W.W.Wirth
P. H. ArnaudJr					ASILO652-17	P.H.ArnaudJr
H. Sauter					ASILO653-17	H.Sauter
W. H. Pierce					ASILO654-17	W.H.Pierce
W. H. Pierce					ASILO655-17	W.H.Pierce
N. Condon					ASILO656-17	N.Condon
H. K. Plant					ASILO657-17	H.K.Plant
D. M. Davis	B. Akerbergs				ASILO658-17	D.M.Davis, B.Akerbergs
Lightfoot	Cobb				ASILO659-17	Lightfoot, Cobb
D. R. Davis					ASILO660-17	D.R.Davis
C. H. T. Townsend					ASILO661-17	C.H.T.Townsend
J. Stewart					ASILO662-17	J.Stewart
R. F. Ruppel					ASILO663-17	R.F.Ruppel
					ASILO664-17	
R. C. Patel					ASILO665-17	R.C.Patel
P. Feliciano					ASILO666-17	P.Feliciano
J. A. Ramos	J. Maldonado				ASILO667-17	J.A.Ramos, J.Maldonado
R. L. Fischer					ASILO668-17	R.L.Fischer
H. V. WeemsJr					ASILO669-17	H.V.WeemsJr
N. E. Woodley					ASILO670-17	N.E.Woodley
T. Robbins	R. Psencik				ASILO671-17	T.Robbins, R.Psencik
P. A. Berry					ASILO672-17	P.A.Berry
R. I.  Sailer					ASILO673-17	R.I. Sailer
P. A. Berry					ASILO675-17	P.A.Berry
C. Evers					ASILO676-17	C.Evers
					ASILO677-17	
H. L. Parker					ASILO678-17	H.L.Parker
E. I. Schlinger	E. S. Ross				ASILO679-17	E.I.Schlinger, E.S.Ross
A. S. Menke					ASILO680-17	A.S.Menke
A. L. Norrbom					ASILO681-17	A.L.Norrbom
P. Spangler					ASILO682-17	P.Spangler
C. W. Sabrosky					ASILO683-17	C.W.Sabrosky
P. J. Spanger					ASILO684-17	P.J.Spanger
P. H. ArnaudJr					ASILO685-17	P.H.ArnaudJr
R. Froeschner	E. Froeschner				ASILO686-17	R.Froeschner, E.Froeschner
A. L. Melander					ASILO688-17	A.L.Melander
R. C. Froeschner					ASILO689-17	R.C.Froeschner
K. Yeargan					ASILO690-17	K.Yeargan
A. S. Menke					ASILO691-17	A.S.Menke
A. S. Menke					ASILO692-17	A.S.Menke
R. E. Williams					ASILO693-17	R.E.Williams
E. J. Davis					ASILO694-17	E.J.Davis
R. L. V. Poole					ASILO695-17	R.L.V.Poole
P. H. ArnaudJr					ASILO696-17	P.H.ArnaudJr
J. F. C. Clarke					ASILO697-17	J.F.C.Clarke
G. F. Hevel	J. F. Hevel				ASILO698-17	G.F.Hevel, J.F.Hevel
P. H. ArnaudJr					ASILO699-17	P.H.ArnaudJr
A. Patino					ASILO700-17	A.Patino
W. Heutemann					ASILO701-17	W.Heutemann
J. G. Shaw					ASILO702-17	J.G.Shaw
W. E. Steiner					ASILO703-17	W.E.Steiner
P. H. ArnaudJr					ASILO704-17	P.H.ArnaudJr
F. F. Hinostin					ASILO705-17	F.F.Hinostin
A. Rybarh					ASILO706-17	A.Rybarh
P. A. Berry					ASILO707-17	P.A.Berry
C. W. Sabrosky					ASILO708-17	C.W.Sabrosky
W. G. Harvey					ASILO709-17	W.G.Harvey
K. Tsuneki					ASILO710-17	K.Tsuneki
M. P. Riedel	N. Baranov				ASILO711-17	M.P.Riedel, N.Baranov
N. E. Woodley					ASILO712-17	N.E.Woodley
V. M. Carolin					ASILO713-17	V.M.Carolin
R. Sobhian					ASILO714-17	R.Sobhian
W. W. Wirth					ASILO715-17	W.W.Wirth
C. W. Sabrosky					ASILO716-17	C.W.Sabrosky
S. L. Clement					ASILO717-17	S.L.Clement
A. Friedberg					ASILO718-17	A.Friedberg
N. L. H. Krauss					ASILO719-17	N.L.H.Krauss
P. J. Spangler					ASILO720-17	P.J.Spangler
P. A. Berry					ASILO721-17	P.A.Berry
R. C. Shannon					ASILO722-17	R.C.Shannon
E. Colque					ASILO723-17	E.Colque
C. W. Rettenmeyer	M. E. Rettenmeyer				ASILO724-17	C.W.Rettenmeyer, M.E.Rettenmeyer
C. W. Rettenmeyer	M. E. Rettenmeyer				ASILO725-17	C.W.Rettenmeyer, M.E.Rettenmeyer
M. Davis	D. Davis	B. Akerbergs			ASILO726-17	M.Davis, D.Davis, B.Akerbergs
P. A. Berry					ASILO727-17	P.A.Berry
F. Schade					ASILO728-17	F.Schade
A. S. Menke	D. Vincent				ASILO729-17	A.S.Menke, D.Vincent
M. E. Irwin					ASILO730-17	M.E.Irwin
E. Tascheuberg					ASILO731-17	E.Tascheuberg
F. Blancas					ASILO732-17	F.Blancas
P. J. Spangler					ASILO733-17	P.J.Spangler
P. Hanson					ASILO734-17	P.Hanson
J. F. G. Clarke					ASILO735-17	J.F.G.Clarke
D. H. Janzen W. Hallwachs					ASILO736-17	D.H.Janzen W.Hallwachs
A. L. Melander					ASILO737-17	A.L.Melander
A. L. Norrbom					ASILO738-17	A.L.Norrbom
Herrera					ASILO739-17	Herrera
D. H. Messersmith					ASILO740-17	D.H.Messersmith
J. E. Garces					ASILO742-17	J.E.Garces
N. Hichius					ASILO743-17	N.Hichius
C. W. Sabrosky					ASILO744-17	C.W.Sabrosky
F. Schade					ASILO745-17	F.Schade
A. S. Menke					ASILO746-17	A.S.Menke
R. R. PingerJr.					ASILO747-17	R.R.PingerJr.
D. Davis	M. Davis	B. Akerbergs			ASILO748-17	D.Davis, M.Davis, B.Akerbergs
Oman					ASILO749-17	Oman
D. Davis	M. Davis	B. Akerbergs			ASILO750-17	D.Davis, M.Davis, B.Akerbergs
G. F. Hevel					ASILO751-17	G.F.Hevel
G. F. Hevel					ASILO752-17	G.F.Hevel
T. H. Davies					ASILO753-17	T.H.Davies
					ASILO754-17	
L. Knutson					ASILO755-17	L.Knutson
F. D. Parker					ASILO756-17	F.D.Parker
G. Steyskal					ASILO757-17	G.Steyskal
C. W. Rettenmeyer	M. E. Rettenmeyer				ASILO758-17	C.W.Rettenmeyer, M.E.Rettenmeyer
A. Hook					ASILO759-17	A.Hook
					ASILO760-17	
G. P. Holland					ASILO761-17	G.P.Holland
W. W. Wirth					ASILO762-17	W.W.Wirth
P. A. Berry					ASILO763-17	P.A.Berry
R. H. Painter	E. M. Painter				ASILO764-17	R.H.Painter, E.M.Painter
J. C. HitchcockJR					ASILO765-17	J.C.HitchcockJR
G. Drewry					ASILO766-17	G.Drewry
P. A. Berry					ASILO767-17	P.A.Berry
G. F. Hevel	W. E. Steiner				ASILO768-17	G.F.Hevel, W.E.Steiner
W. W. Wirth					ASILO769-17	W.W.Wirth
R. Sobhian					ASILO770-17	R.Sobhian
A. Friedberg					ASILO771-17	A.Friedberg
R. W. Burrell					ASILO772-17	R.W.Burrell
N. Cunynghame					ASILO773-17	N.Cunynghame
S. E. Miller	P. M. Miller				ASILO774-17	S.E.Miller, P.M.Miller
E. F. Reik					ASILO775-17	E.F.Reik
W. D. Sumlin					ASILO776-17	W.D.Sumlin
M. McKinnerney					ASILO777-17	M.McKinnerney
P. J. Spangler					ASILO778-17	P.J.Spangler
A. S. Menke	L. Hollenverg				ASILO779-17	A.S.Menke, L.Hollenverg
Parker	Berry	Silveira			ASILO780-17	Parker, Berry, Silveira
Grissell	Menke				ASILO781-17	Grissell, Menke
D. R. Davis					ASILO782-17	D.R.Davis
W. W. Wirth					ASILO783-17	W.W.Wirth
G. J. Puterka					ASILO784-17	G.J.Puterka
					ASILO785-17	
N. E. Woodley					ASILO786-17	N.E.Woodley
W. N. Mathis					ASILO787-17	W.N.Mathis
J. C. HitchcockJr					ASILO788-17	J.C.HitchcockJr
K. V. Krombein	T. Wijesinhe	S. Sifiwardane	L. Jayawickrema	T. Gunawardane	ASILO789-17	K.V.Krombein, T.Wijesinhe, S.Sifiwardane, L.Jayawickrema, T.Gunawardane
A. B. Gurney					ASILO790-17	A.B.Gurney
N. E. Woodley					ASILO791-17	N.E.Woodley
					ASILO792-17	
G. Drewry					ASILO793-17	G.Drewry
W. W. Wirth					ASILO794-17	W.W.Wirth
C. H. Ballou					ASILO795-17	C.H.Ballou
M. R. Vaughn					ASILO796-17	M.R.Vaughn
P. J. Spangler					ASILO797-17	P.J.Spangler
W. N. Mathis					ASILO798-17	W.N.Mathis
P. J. Spangler					ASILO799-17	P.J.Spangler
S. Shinonaga					ASILO800-17	S.Shinonaga
P. J. Spangler					ASILO801-17	P.J.Spangler
L. Posada					ASILO802-17	L.Posada
T. J. Spilman					ASILO803-17	T.J.Spilman
P. J. Spangler					ASILO804-17	P.J.Spangler
A. Friedberg					ASILO805-17	A.Friedberg
C. W. Sabrosky					ASILO806-17	C.W.Sabrosky
H. E. McClure					ASILO807-17	H.E.McClure
P. J. Spangler					ASILO808-17	P.J.Spangler
T. H. Davies					ASILO809-17	T.H.Davies
H. C. Huckett					ASILO810-17	H.C.Huckett
S. Shinonaga					ASILO811-17	S.Shinonaga
K. V. Krombein	T. Wijesinhe	S. Sifiwardane	L. Jayawickrema	T. Gunawardane	ASILO812-17	K.V.Krombein, T.Wijesinhe, S.Sifiwardane, L.Jayawickrema, T.Gunawardane
S. E.  Miller	P. M.  Miller				ASILO813-17	S.E. Miller, P.M. Miller
D. L. Theron					ASILO814-17	D.L.Theron
N. H. Newton					ASILO815-17	N.H.Newton
Flint	Cekalovic				ASILO816-17	Flint, Cekalovic
J. L. Gressitt	K. Rennell				ASILO817-17	J.L.Gressitt, K.Rennell
G. F. Hevel	W. E. Steiner				ASILO818-17	G.F.Hevel, W.E.Steiner
A. Friedberg					ASILO819-17	A.Friedberg
H. C. Huckett					ASILO820-17	H.C.Huckett
G. Steyskal					ASILO821-17	G.Steyskal
W. W. Wirth					ASILO822-17	W.W.Wirth
Krombein	Spangler				ASILO823-17	Krombein, Spangler
F. S. Blanton					ASILO824-17	F.S.Blanton
T. Cekalovic					ASILO825-17	T.Cekalovic
H. Paterson					ASILO826-17	H.Paterson
A. Friedberg					ASILO827-17	A.Friedberg
J. B. Heppner					ASILO828-17	J.B.Heppner
L. Posada					ASILO829-17	L.Posada
G. Steyskal					ASILO830-17	G.Steyskal
R. Copeland					ASILO831-17	R.Copeland
P. H. ArnaudJr	M. M. Arnaud	O. S. FlintJr			ASILO832-17	P.H.ArnaudJr, M.M.Arnaud, O.S.FlintJr
R. R. Dreisbach					ASILO833-17	R.R.Dreisbach
P. D. Hurd					ASILO834-17	P.D.Hurd
D. R. Smith					ASILO835-17	D.R.Smith
C. O. Berg					ASILO836-17	C.O.Berg
G. Becker					ASILO837-17	G.Becker
W. W. Wirth					ASILO838-17	W.W.Wirth
K. E. Frick					ASILO839-17	K.E.Frick
P. D. Hurd					ASILO840-17	P.D.Hurd
K. Goeden					ASILO841-17	K.Goeden
G. Steyskal					ASILO842-17	G.Steyskal
H. C. Huckett					ASILO843-17	H.C.Huckett
G. F. Hevel	J. F. Hevel				ASILO844-17	G.F.Hevel, J.F.Hevel
L. Posada					ASILO845-17	L.Posada
Flint	Cekalovic				ASILO846-17	Flint, Cekalovic
P. H. ArnaudJr	M. M. Arnaud				ASILO847-17	P.H.ArnaudJr, M.M.Arnaud
P. H. ArnaudJr					ASILO848-17	P.H.ArnaudJr
P. H. ArnaudJr					ASILO849-17	P.H.ArnaudJr
P. H. ArnaudJr					ASILO850-17	P.H.ArnaudJr
P. H. Arnaud					ASILO851-17	P.H.Arnaud
P. H. Arnaud					ASILO852-17	P.H.Arnaud
P. H. Arnaud					ASILO853-17	P.H.Arnaud
P. H. ArnaudJr					ASILO854-17	P.H.ArnaudJr
P. H. Arnaud					ASILO855-17	P.H.Arnaud
P. H. ArnaudJr					ASILO856-17	P.H.ArnaudJr
P. H. ArnaudJr					ASILO857-17	P.H.ArnaudJr
R. Guppy					ASILO858-17	R.Guppy
R. Guppy					ASILO859-17	R.Guppy
P. H. ArnaudJr	M. M. Arnaud				ASILO860-17	P.H.ArnaudJr, M.M.Arnaud
H. R. Dodge					ASILO861-17	H.R.Dodge
P. H. ArnaudJr					ASILO862-17	P.H.ArnaudJr
P. H. ArnaudJr					ASILO863-17	P.H.ArnaudJr
P. H. ArnaudJr					ASILO864-17	P.H.ArnaudJr
P. H. ArnaudJr					ASILO865-17	P.H.ArnaudJr
G. Steyskal					ASILO866-17	G.Steyskal
W. N. Mathis					ASILO867-17	W.N.Mathis
L. Knutson					ASILO868-17	L.Knutson
E. G. Chapman					ASILO869-17	E.G.Chapman
A. Freidberg					ASILO870-17	A.Freidberg
W. L. Murphy					ASILO871-17	W.L.Murphy
A. Freidberg					ASILO872-17	A.Freidberg
T. Cekalovic					ASILO873-17	T.Cekalovic
W. L. Murphy					ASILO874-17	W.L.Murphy
W. N. Mathis					ASILO875-17	W.N.Mathis
W. N. Mathis					ASILO876-17	W.N.Mathis
J. Bowder					ASILO877-17	J.Bowder
C. O. Berg					ASILO878-17	C.O.Berg
D. Mathis	W. N. Mathis				ASILO879-17	D.Mathis, W.N.Mathis
Knutson	Stephenson				ASILO880-17	Knutson, Stephenson
W. N. Mathis					ASILO881-17	W.N.Mathis
L. Knutson					ASILO882-17	L.Knutson
C. O. Berg					ASILO883-17	C.O.Berg
					ASILO884-17	
L. V. Knutson					ASILO885-17	L.V.Knutson
C. O. Berg					ASILO886-17	C.O.Berg
D. L. Vincent					ASILO887-17	D.L.Vincent
R. S. Copeland					ASILO888-17	R.S.Copeland
L. Gozmany	J. B. Heppner				ASILO889-17	L.Gozmany, J.B.Heppner
C. W. Sabrosky					ASILO890-17	C.W.Sabrosky
R. Copeland					ASILO891-17	R.Copeland
W. N.  Mathis	T. Wijesinhe	L. Jayawickrema			ASILO892-17	W.N. Mathis, T.Wijesinhe, L.Jayawickrema
L. Jayawickrema	T. Guniwariane				ASILO893-17	L.Jayawickrema, T.Guniwariane
K. V. Krombein	P. B. Karunaratne				ASILO894-17	K.V.Krombein, P.B.Karunaratne
N. L. H. Krauss					ASILO895-17	N.L.H.Krauss
R. Copeland					ASILO896-17	R.Copeland
A. B. Norden					ASILO897-17	A.B.Norden
D. Perez	R. Bastardo				ASILO898-17	D.Perez, R.Bastardo
D. Perez-Gelabert					ASILO899-17	D.Perez-Gelabert
W. L. Grogan					ASILO900-17	W.L.Grogan
G. F. Hevel					ASILO901-17	G.F.Hevel
G. S. Forbes					ASILO902-17	G.S.Forbes
P. S. Nathan					ASILO903-17	P.S.Nathan
T. Dikow	E. Fisher				ASILO904-17	T.Dikow, E.Fisher
J. Wolinski					ASILO905-17	J.Wolinski
D. Davidson					ASILO906-17	D.Davidson
					ASILO907-17	
M. Deyrup	N. Deyrup	J. Dunlap	K. Dearborn		ASILO908-17	M.Deyrup, N.Deyrup, J.Dunlap, K.Dearborn
P. H. ArnaudJr	M. M. Arnaud				ASILO909-17	P.H.ArnaudJr, M.M.Arnaud
R. J. McGinley	B. M. Norden				ASILO910-17	R.J.McGinley, B.M.Norden
P. H. ArnaudJr	M. M. Arnaud	S. C. Williams			ASILO911-17	P.H.ArnaudJr, M.M.Arnaud, S.C.Williams
R. Copeland					ASILO912-17	R.Copeland
K. V. Krombein					ASILO913-17	K.V.Krombein
					ASILO914-17	
D. Perez	B. Hierro				ASILO915-17	D.Perez, B.Hierro
D. Perez	R. Bastardo				ASILO916-17	D.Perez, R.Bastardo
A. G. Scarbrough					ASILO917-17	A.G.Scarbrough
C. Lamberton					ASILO918-17	C.Lamberton
G. S. Forbes					ASILO919-17	G.S.Forbes
G. W. Angalet					ASILO920-17	G.W.Angalet
E. Fisher	P. Sillivan				ASILO921-17	E.Fisher, P.Sillivan
L. Rogers					ASILO922-17	L.Rogers
P. J. Spangler					ASILO923-17	P.J.Spangler
					ASILO924-17	
T. Dikow					ASILO925-17	T.Dikow
G. F. Hevel					ASILO926-17	G.F.Hevel
W. E. Steiner					ASILO927-17	W.E.Steiner
K. V. Krombein	P. B. Karunaratne	T. Wijesinhe	M. Jayaweera		ASILO928-17	K.V.Krombein, P.B.Karunaratne, T.Wijesinhe, M.Jayaweera
Barkemeyer					ASILO929-17	Barkemeyer
P. J. Spangler					ASILO930-17	P.J.Spangler
J. R. Mawdsley					ASILO931-17	J.R.Mawdsley
D. Perez	R. Bastardo				ASILO932-17	D.Perez, R.Bastardo
P. H. ArnaudJr	M. M. Arnaud				ASILO933-17	P.H.ArnaudJr, M.M.Arnaud
W. R. Enns					ASILO934-17	W.R.Enns
P. S. Nathan					ASILO935-17	P.S.Nathan
P. S. Nathan					ASILO936-17	P.S.Nathan
J. W. Neal					ASILO937-17	J.W.Neal
N. E. Woodley					ASILO938-17	N.E.Woodley
L. Masner					ASILO939-17	L.Masner
					ASILO940-17	
J. C. Hall					ASILO941-17	J.C.Hall
N. E. Woodley					ASILO942-17	N.E.Woodley
G. David					ASILO943-17	G.David
S. E. Miller	P. M. Miller				ASILO944-17	S.E.Miller, P.M.Miller
D. L. Bailey					ASILO945-17	D.L.Bailey
R. C. Bechtel					ASILO946-17	R.C.Bechtel
E. T. Armstrong					ASILO947-17	E.T.Armstrong
W. E. Steiner	J. M. Swearingen				ASILO948-17	W.E.Steiner, J.M.Swearingen
D. R. Davis					ASILO949-17	D.R.Davis
S. W. Gross					ASILO950-17	S.W.Gross
